x,y,z,d
0.34,-0.4682219,0.81325443,17.038755
-0.16,0.4317781,0.21325443,17.25949
0.14,-0.5682219,0.71325443,17.419973
0.04,-0.5682219,0.96325443,17.591764
0.19,0.0317781,0.21325443,17.767197
-0.21,-0.9182219,0.66325443,17.801098
0.04,0.4817781,0.16325443,17.816647
-0.16,0.3317781,0.31325443,17.999853
0.09,-0.9182219,0.66325443,18.000458
0.14,0.0317781,0.21325443,18.001976
-0.26,0.7817781,0.21325443,18.02499
-0.21,0.1817781,0.26325443,18.071821
0.19,0.8317781,0.26325443,18.072012
0.14,0.5317781,0.31325443,18.08951
0.19,-0.0182219,0.36325443,18.14237
-0.26,0.5317781,0.11325443,18.20115
0.34,-0.6182219,0.81325443,18.23744
-0.01,-0.3182219,0.11325443,18.240026
-0.06,-0.4182219,0.96325443,18.56153
0.04,-0.4682219,0.81325443,18.566364
-0.01,0.3317781,0.11325443,18.816668
0.29,-0.6682219,0.66325443,18.846975
-0.21,-0.0182219,0.31325443,19.166767
0.14,0.2817781,0.11325443,19.369968
0.04,0.8317781,0.61325443,19.60918
0.29,-0.5682219,0.71325443,19.683098
0.14,0.5317781,0.11325443,19.738611
-0.06,-0.4182219,0.61325443,19.756916
-0.26,0.9317781,0.16325443,19.825155
-0.26,0.2317781,0.21325443,19.8955
-0.06,-0.4182219,0.66325443,19.976437
0.34,-0.6182219,0.76325443,20.060654
0.09,-0.5182219,0.61325443,20.166267
0.04,0.4317781,0.16325443,20.235695
0.19,-0.5682219,0.71325443,20.297161
-0.36,-0.4682219,0.81325443,20.311314
0.09,0.2817781,0.11325443,20.599594
-0.06,0.4317781,0.11325443,20.642618
0.14,-0.3682219,0.61325443,21.000687
0.24,0.5317781,0.11325443,21.140223
0.14,0.8317781,0.11325443,21.150652
-0.16,-0.6682219,0.66325443,21.215311
-0.06,0.4817781,0.11325443,21.35725
0.04,0.2817781,0.11325443,21.418894
0.09,0.2817781,0.16325443,21.433277
-0.06,-0.5682219,0.96325443,21.515396
-0.26,0.2817781,0.16325443,21.579224
-0.01,0.7817781,0.11325443,21.600191
0.04,-0.6682219,0.66325443,21.621449
0.14,0.6317781,0.16325443,21.99144
0.34,-0.6682219,0.81325443,22.100344
-0.01,-0.2182219,0.21325443,22.107138
-0.11,-0.1182219,0.26325443,22.618248
0.34,-0.6182219,0.91325443,22.625492
0.14,0.8817781,0.16325443,22.628815
-0.16,-0.2182219,0.76325443,22.656837
0.09,-0.6682219,0.66325443,22.765936
-0.31,-0.5682219,0.86325443,22.798908
-0.21,-0.7182219,0.61325443,22.859335
-0.21,0.6817781,0.21325443,23.109024
-0.06,0.6817781,0.11325443,23.179525
-0.06,-0.4682219,0.81325443,23.235321
-0.16,2.3817781,0.36325443,23.30869
0.24,0.6317781,0.21325443,23.380234
0.19,0.8817781,0.51325443,23.690964
0.24,0.5317781,0.21325443,23.785706
-0.26,-0.2182219,0.51325443,23.794575
-0.06,-0.5182219,0.66325443,23.834826
-0.36,-0.4682219,0.76325443,23.87768
0.24,-0.1182219,0.16325443,23.940413
-0.01,0.2317781,0.16325443,24.017853
-0.06,-0.2182219,0.21325443,24.200485
-0.06,0.2817781,0.11325443,24.362616
-0.11,-0.5682219,0.71325443,24.377487
0.19,0.5317781,0.66325443,24.419132
0.09,0.5317781,0.11325443,24.48891
-0.01,0.6317781,0.11325443,24.531075
-0.21,-0.4682219,0.76325443,24.545052
-0.26,0.3817781,0.11325443,24.662577
-0.21,0.2317781,0.16325443,24.706465
0.24,0.6317781,0.11325443,24.871418
-0.26,0.2817781,0.21325443,24.993633
-0.31,-0.6682219,0.66325443,25.075777
0.29,-0.7182219,0.66325443,25.087158
-0.31,-0.5682219,0.91325443,25.179903
0.14,-0.6682219,0.66325443,25.263844
-0.11,-0.4182219,0.61325443,25.374004
0.24,0.5817781,0.16325443,25.44669
0.34,-0.6182219,0.86325443,25.557106
0.19,-0.0182219,0.16325443,25.575642
0.34,-0.6682219,0.76325443,25.688145
0.14,0.7317781,0.11325443,25.83028
-0.26,0.2317781,0.16325443,25.837955
-0.26,0.3817781,0.16325443,25.842728
0.29,0.3817781,0.16325443,25.940884
0.14,0.6817781,0.21325443,25.998516
-0.21,-0.2182219,0.56325443,26.530624
-0.21,-0.2182219,0.46325443,26.543842
0.14,-0.4682219,0.66325443,26.803741
-0.21,-0.6682219,0.66325443,26.864384
-0.31,-0.0182219,0.41325443,26.956043
0.19,-0.0182219,0.21325443,26.986149
-0.11,-0.6182219,0.66325443,27.151443
0.24,-0.9182219,0.66325443,27.266731
-0.06,-0.2182219,0.11325443,27.35918
0.09,-0.6182219,0.66325443,27.495161
-0.11,0.0317781,0.16325443,27.538107
0.14,-0.5182219,0.66325443,27.58622
0.04,-0.5682219,0.71325443,27.782688
0.19,0.5317781,0.11325443,27.883598
-0.11,-0.0182219,0.11325443,27.885775
0.24,-0.7182219,0.61325443,28.4259
0.19,-0.3182219,0.41325443,28.441696
-0.16,-0.4682219,0.66325443,28.77087
0.14,0.9317781,0.16325443,29.114868
-0.16,0.3317781,0.11325443,29.190893
0.14,0.5817781,0.11325443,29.242405
-0.16,-0.5682219,0.71325443,29.384424
-0.06,0.3817781,0.11325443,29.55093
0.19,0.6317781,0.11325443,29.56139
-0.16,0.7817781,0.66325443,29.613287
0.09,-0.2682219,0.16325443,29.752687
0.09,-0.5682219,0.71325443,29.970364
-0.11,0.7817781,0.11325443,30.370235
0.19,-0.1182219,0.31325443,30.445051
-0.31,-0.5682219,0.96325443,30.562363
-0.21,0.5317781,0.51325443,30.735722
-0.01,-0.0182219,0.11325443,30.815561
-0.31,-0.2182219,0.66325443,31.150047
0.04,0.5317781,0.16325443,31.292042
0.29,-0.6182219,0.66325443,31.4053
-0.26,-0.2682219,0.41325443,31.515293
0.19,0.4317781,0.56325443,31.51729
-0.06,0.1817781,0.16325443,31.680979
0.19,0.3817781,0.41325443,32.000576
0.14,0.5317781,0.16325443,32.00945
0.14,-0.0682219,0.31325443,32.089462
0.34,-0.7182219,0.71325443,32.118275
-0.01,0.0817781,0.21325443,32.15001
-0.11,-0.2682219,0.26325443,32.229694
-0.26,0.4317781,0.21325443,32.27559
0.39,-0.7182219,0.81325443,32.30156
0.19,-0.4682219,0.66325443,32.45647
-0.16,0.5817781,0.11325443,32.90868
0.34,-0.5682219,0.81325443,32.93283
-0.26,0.6317781,0.11325443,32.938705
-0.31,0.3317781,0.21325443,32.94384
-0.16,0.8817781,0.16325443,32.95933
0.19,0.5817781,0.16325443,33.00483
-0.06,0.4817781,0.16325443,33.014294
0.04,-0.6182219,0.66325443,33.36855
0.04,0.6317781,0.11325443,33.399918
-0.16,0.5317781,0.11325443,33.454422
0.34,-0.5682219,0.91325443,33.458603
-0.16,0.4817781,0.16325443,33.80264
-0.01,-0.0682219,0.16325443,33.926132
-0.16,-0.3682219,0.61325443,33.968815
-0.26,-0.0182219,0.41325443,33.980457
-0.06,0.3317781,0.11325443,34.065327
-0.01,-0.1182219,0.21325443,34.614353
-0.26,0.6817781,0.11325443,34.689037
-0.21,0.3317781,0.21325443,35.144268
-0.16,-0.6182219,0.66325443,35.148888
-0.21,0.2317781,0.21325443,35.175632
0.04,-0.3182219,0.11325443,35.429897
0.14,0.3817781,0.11325443,35.476086
0.19,0.5817781,0.66325443,35.495975
-0.01,0.6317781,0.16325443,35.533634
0.14,0.3317781,0.16325443,35.56738
0.19,0.4817781,0.61325443,35.798862
-0.06,-0.5182219,0.71325443,35.83385
-0.01,0.0317781,0.11325443,36.119724
0.04,-0.5182219,0.71325443,36.120674
0.29,-0.2182219,0.66325443,36.179604
-0.21,-0.0682219,0.11325443,36.193027
0.14,-0.0182219,0.26325443,36.22645
-0.01,0.0317781,0.16325443,36.231976
0.24,0.6817781,0.11325443,36.540394
-0.06,0.5317781,0.16325443,36.62842
-0.31,-0.5182219,0.91325443,36.65272
-0.06,-0.1682219,0.21325443,36.917263
0.29,0.1817781,0.21325443,37.050217
0.14,0.6317781,0.31325443,37.220036
-0.06,-0.3182219,0.11325443,37.23808
0.19,0.3817781,0.11325443,37.405937
0.24,-0.6182219,0.66325443,37.42144
-0.21,-0.1682219,0.61325443,37.42799
0.19,0.8317781,0.56325443,37.4623
0.19,0.6817781,0.11325443,37.5589
0.29,-0.5682219,0.66325443,37.728176
0.14,-0.4682219,0.76325443,37.801624
-0.21,-0.5682219,0.71325443,37.863056
-0.26,0.3317781,0.21325443,38.036953
0.19,0.2317781,0.21325443,38.0706
-0.26,-0.5682219,0.71325443,38.345314
-0.21,-0.0182219,0.36325443,38.38301
-0.06,0.3817781,0.16325443,38.839664
0.19,0.8317781,0.51325443,39.101585
0.24,-0.6682219,0.66325443,39.181496
-0.11,-0.2682219,0.16325443,39.51561
0.34,-0.6182219,0.71325443,39.718624
-0.21,-0.4182219,0.61325443,39.874397
0.24,0.0817781,0.46325443,39.90159
0.34,-0.6682219,0.71325443,39.96237
0.19,-0.2182219,0.71325443,40.158424
0.24,-0.1682219,0.76325443,40.46417
0.29,-0.1682219,0.66325443,40.91423
-0.01,0.3817781,0.16325443,40.920742
0.09,0.4317781,0.11325443,40.922756
0.19,0.5817781,0.11325443,41.034428
0.04,0.0317781,0.11325443,41.122883
-0.26,0.3317781,0.26325443,41.537796
0.09,-0.0182219,0.21325443,41.58826
0.19,0.4317781,0.36325443,41.672207
-0.11,-0.0682219,0.21325443,42.04005
-0.26,0.4317781,0.26325443,42.183792
-0.16,0.3817781,0.16325443,42.51056
0.04,0.7317781,0.11325443,42.67555
0.14,0.8817781,0.46325443,42.709667
-0.01,0.3817781,0.11325443,42.78721
0.09,-0.5682219,0.66325443,43.018375
-0.11,0.5317781,0.56325443,43.224888
0.24,0.7817781,0.36325443,43.25398
0.04,-0.3182219,0.21325443,43.412144
-0.16,0.3317781,0.16325443,43.41339
0.19,-0.2182219,0.46325443,43.521156
0.09,-0.0182219,0.11325443,43.66254
0.19,0.7817781,0.66325443,43.87168
-0.06,0.5817781,0.16325443,44.039616
0.29,0.9317781,0.16325443,44.17035
0.19,-0.1682219,0.76325443,44.24828
-0.11,0.4817781,0.11325443,45.346752
0.19,0.0317781,0.41325443,45.97138
-0.21,0.3317781,0.16325443,46.01872
0.14,0.3317781,0.31325443,46.12293
-0.26,-0.2182219,0.61325443,46.378315
0.24,0.5817781,0.21325443,46.639202
-0.01,0.5817781,0.11325443,46.680477
0.19,0.8817781,0.31325443,46.89725
-0.21,0.4817781,0.21325443,47.110363
0.24,-0.0182219,0.31325443,47.16296
-0.06,-0.6682219,0.66325443,47.354813
-0.26,0.8817781,0.16325443,47.789524
-0.06,0.2317781,0.31325443,47.953094
0.04,-0.4682219,0.71325443,48.072407
-0.06,-0.5682219,0.66325443,48.18359
-0.06,-0.4682219,0.76325443,48.395298
0.19,-0.1682219,0.36325443,48.414707
0.14,0.8817781,0.61325443,48.637936
0.14,0.3317781,0.11325443,48.683136
0.04,-0.5182219,0.66325443,48.715977
0.04,-0.2682219,0.16325443,48.75285
0.19,0.5817781,0.26325443,48.926613
-0.01,-0.1682219,0.21325443,49.233555
0.14,-0.3682219,0.86325443,49.4048
-0.31,0.2817781,0.21325443,49.73535
-0.06,0.6817781,0.16325443,49.752464
-0.26,-0.5682219,0.66325443,49.871334
0.04,0.3317781,0.11325443,49.994984
0.14,-0.6182219,0.66325443,50.18575
0.19,0.4817781,0.16325443,50.229843
0.24,-0.0182219,0.41325443,50.268154
-0.01,0.7317781,0.11325443,50.591686
0.19,0.9317781,0.16325443,50.752583
0.24,0.3817781,0.11325443,50.978107
0.24,0.3817781,0.31325443,51.024647
-0.26,0.2317781,0.26325443,51.051327
-0.01,0.3317781,0.16325443,51.082283
0.09,0.4317781,0.21325443,51.27284
-0.21,-0.6182219,0.66325443,51.42747
0.09,-0.4182219,0.61325443,51.904575
-0.31,0.6317781,0.11325443,52.101986
0.19,-0.6682219,0.66325443,52.390568
0.19,0.4317781,0.41325443,52.503345
-0.11,-0.1682219,0.31325443,52.5364
-0.06,0.6317781,0.16325443,52.659077
-0.11,-0.6682219,0.66325443,52.764973
0.19,0.5317781,0.21325443,52.894085
-0.01,0.8817781,0.11325443,52.968967
-0.21,0.3817781,0.16325443,53.30319
-0.21,-0.1682219,0.76325443,53.475384
0.24,0.5817781,0.11325443,54.087288
-0.06,0.7317781,0.16325443,54.679783
0.19,0.4817781,0.56325443,55.280415
0.19,0.6817781,0.21325443,55.689583
-0.21,0.4817781,0.11325443,55.811
-0.06,0.0317781,0.11325443,55.93552
0.04,0.3817781,0.11325443,56.1113
0.24,0.7817781,0.11325443,56.159603
-0.21,0.5317781,0.21325443,56.31831
0.04,-0.0682219,0.11325443,56.368996
0.04,-0.1682219,0.26325443,56.716297
-0.06,0.2317781,0.16325443,56.71757
-0.01,0.7317781,0.16325443,56.91235
-0.16,-0.0182219,0.26325443,57.062717
0.19,-0.2182219,0.56325443,57.095913
-0.01,0.0317781,0.21325443,57.1171
-0.16,0.5317781,0.61325443,57.258442
0.19,0.6317781,0.66325443,57.41672
0.19,0.6817781,0.66325443,57.550568
-0.26,0.4317781,0.11325443,57.772236
0.24,-0.0682219,0.11325443,58.161724
-0.11,-0.7182219,0.61325443,58.25164
0.14,0.8817781,0.41325443,58.269093
-0.01,-0.4682219,0.71325443,58.596703
0.24,0.9317781,0.16325443,58.675617
0.34,-0.5682219,0.86325443,58.723873
-0.06,-0.0182219,0.11325443,58.799717
0.24,0.7817781,0.21325443,58.842693
0.19,-0.1682219,0.66325443,58.868626
0.29,-0.0182219,0.41325443,58.960323
-0.16,-0.4682219,0.76325443,59.371006
-0.01,0.8317781,0.16325443,59.62687
-0.06,-0.6182219,0.66325443,59.828083
0.09,-0.2682219,0.26325443,60.01624
0.19,-0.5682219,0.66325443,60.389137
0.19,0.4817781,0.51325443,60.48599
0.24,-0.0682219,0.26325443,60.50466
-0.26,0.0317781,0.41325443,60.84119
0.34,-0.5682219,0.71325443,61.140987
-0.06,-0.4682219,0.91325443,61.19
0.19,0.8817781,0.11325443,61.917385
-0.16,-0.3682219,0.56325443,62.00719
-0.11,0.5317781,0.61325443,62.313374
-0.16,-0.0682219,0.31325443,62.60932
-0.21,0.8317781,0.31325443,62.6713
0.14,-0.5182219,0.81325443,63.100338
-0.21,0.6317781,0.21325443,63.21164
0.14,0.3817781,0.16325443,63.31171
0.14,-0.5682219,0.66325443,63.796524
0.14,0.5817781,0.16325443,63.978313
-0.01,-0.2682219,0.21325443,64.19549
0.09,0.5817781,0.16325443,64.41145
0.04,-0.2182219,0.11325443,64.60573
0.04,0.8317781,0.11325443,65.681564
0.19,0.6317781,0.21325443,65.887695
-0.11,0.6817781,0.11325443,66.45647
0.09,-0.3682219,0.16325443,66.46892
0.09,0.6317781,0.11325443,66.722946
0.29,-0.5182219,0.81325443,66.738846
-0.06,0.8317781,0.11325443,66.82329
0.09,-0.7182219,0.61325443,67.01414
0.24,0.4817781,0.21325443,67.21442
-0.16,0.4317781,0.16325443,67.34871
-0.21,-0.2182219,0.61325443,67.51676
0.24,-0.2182219,0.46325443,67.658844
-0.11,-0.3682219,0.16325443,67.899414
-0.01,-0.1682219,0.26325443,67.91159
-0.01,0.2317781,0.36325443,67.96855
-0.01,-0.3182219,0.21325443,68.246956
-0.26,0.6317781,0.21325443,68.5109
-0.16,0.8317781,0.61325443,68.58294
-0.01,-0.6682219,0.66325443,68.930626
0.04,0.3817781,0.16325443,69.00725
-0.21,-0.5682219,0.66325443,69.03281
0.24,-0.5682219,0.66325443,69.04492
-0.31,-0.5682219,0.71325443,69.04518
0.14,0.8317781,0.46325443,69.411804
0.34,-0.7182219,0.61325443,69.48904
0.14,0.4317781,0.16325443,69.79918
0.24,0.5317781,0.16325443,69.85144
-0.16,0.8317781,0.46325443,69.90044
0.19,-0.2182219,0.61325443,69.90206
0.29,-0.5182219,0.76325443,70.057785
-0.11,-0.0182219,0.21325443,70.09032
0.14,0.8817781,0.51325443,70.32722
0.19,-0.1682219,0.61325443,71.036896
0.24,0.3317781,0.21325443,71.07561
0.19,0.0817781,0.46325443,71.26701
-0.26,-0.2182219,0.66325443,71.328384
0.04,-0.4682219,0.76325443,71.6757
0.04,-0.2182219,0.21325443,71.85132
0.14,-0.3682219,0.56325443,71.87096
0.19,-0.0182219,0.46325443,71.91117
0.24,0.3317781,0.16325443,72.54265
-0.26,0.2817781,0.26325443,72.66135
-0.26,0.4817781,0.11325443,73.2052
0.24,0.4817781,0.11325443,73.400856
0.04,0.6817781,0.11325443,73.46246
0.19,0.3317781,0.16325443,73.69127
0.29,0.2317781,0.21325443,73.79178
0.29,-0.0182219,0.16325443,74.40596
-0.06,-0.5182219,0.81325443,74.607315
0.24,-0.2182219,0.56325443,74.847435
-0.21,0.4317781,0.11325443,74.91231
0.09,-0.7182219,0.66325443,75.446
-0.01,0.3817781,0.21325443,75.57613
0.19,-0.5182219,0.76325443,75.85439
0.19,0.4317781,0.11325443,76.084274
-0.16,-0.7682219,0.66325443,76.53548
-0.26,-0.6682219,0.66325443,77.40468
-0.21,0.7817781,0.36325443,77.445885
0.09,0.8817781,0.11325443,77.46138
-0.01,0.1817781,0.21325443,77.50131
-0.21,0.6317781,0.11325443,77.59888
0.14,0.6817781,0.26325443,77.69896
-0.06,0.5317781,0.11325443,77.73131
0.14,-0.3182219,0.56325443,78.02181
0.19,-0.4682219,0.61325443,78.41147
-0.06,-0.5182219,0.76325443,78.450806
0.09,-0.2182219,0.11325443,78.543076
0.14,0.3817781,0.21325443,78.60394
-0.01,-0.1182219,0.26325443,78.833755
0.09,0.9317781,0.16325443,79.27357
0.24,0.8317781,0.31325443,79.781784
-0.06,0.2317781,0.46325443,80.0506
0.24,-0.5182219,0.81325443,80.40735
0.19,0.0317781,0.16325443,81.03075
0.04,-0.5682219,0.66325443,81.26458
-0.26,0.4317781,0.16325443,81.31267
0.24,-0.5182219,0.76325443,81.353004
-0.21,0.8317781,0.11325443,81.41294
0.19,-0.6182219,0.66325443,81.89958
0.14,0.7817781,0.66325443,81.91484
0.19,0.4817781,0.11325443,82.437454
0.24,0.3817781,0.16325443,83.00046
-0.06,0.2317781,0.51325443,83.32165
-0.16,0.4317781,0.11325443,83.36168
-0.31,-0.5682219,0.66325443,83.410164
-0.01,-0.5182219,0.91325443,83.48723
0.04,0.4817781,0.11325443,84.06868
0.14,0.8817781,0.36325443,84.89281
-0.01,0.2317781,0.31325443,84.95421
0.19,0.8317781,0.31325443,85.264786
-0.06,0.4317781,0.16325443,85.58531
-0.01,0.7817781,0.16325443,86.2212
0.19,0.4317781,0.51325443,87.371475
0.09,0.7817781,0.11325443,87.55493
0.19,0.7317781,0.66325443,87.63638
-0.06,0.2317781,0.41325443,88.64055
-0.11,-0.5682219,0.66325443,88.7695
-0.16,-0.0682219,0.21325443,89.14653
-0.01,-0.5182219,0.71325443,89.28706
0.04,0.3317781,0.16325443,89.33752
-0.01,0.2317781,0.46325443,89.41589
0.14,-0.2182219,0.46325443,89.892044
0.14,-0.1682219,0.41325443,90.272385
0.04,-0.3182219,0.16325443,90.28855
0.19,0.3817781,0.16325443,91.15036
0.04,0.0317781,0.16325443,91.283615
-0.31,0.5317781,0.11325443,91.47502
0.04,-0.3182219,0.26325443,91.5798
-0.21,-0.0682219,0.21325443,91.86554
0.34,-0.5682219,0.66325443,91.88178
-0.11,0.2317781,0.21325443,92.06199
-0.01,-0.5682219,0.66325443,92.40646
0.04,-0.2682219,0.21325443,92.741425
-0.31,0.5817781,0.11325443,92.80899
0.14,-0.4182219,0.66325443,93.33984
0.19,0.5317781,0.16325443,93.39519
-0.06,0.8817781,0.11325443,93.415054
-0.26,-0.6182219,0.66325443,93.85423
-0.26,0.5817781,0.11325443,93.91125
-0.06,0.2317781,0.36325443,94.019104
0.24,-0.2682219,0.51325443,94.46797
0.14,0.5817781,0.31325443,94.9549
-0.21,-0.0182219,0.21325443,95.49133
-0.31,0.5817781,0.16325443,95.49978
0.29,-0.5182219,0.86325443,95.905045
-0.21,0.0817781,0.46325443,96.10507
0.04,-0.2682219,0.26325443,96.293785
0.19,-0.5182219,0.81325443,97.07029
0.09,-0.5182219,0.71325443,97.20494
0.14,-0.0682219,0.21325443,98.224724
-0.06,0.8317781,0.16325443,98.63597
0.04,0.5817781,0.16325443,98.788055
-0.06,-0.2682219,0.16325443,98.912094
0.24,-0.2682219,0.56325443,99.00824
-0.06,-0.1182219,0.21325443,99.18025
0.39,-0.6682219,0.86325443,99.18538
0.04,0.7317781,0.16325443,99.51212
-0.01,0.1317781,0.21325443,99.732574
-0.01,-0.6182219,0.66325443,100.498055
-0.06,-0.0682219,0.11325443,100.587746
-0.21,0.6817781,0.11325443,100.62262
-0.21,0.2817781,0.16325443,100.87709
-0.06,0.0317781,0.21325443,100.95854
-0.16,0.0317781,0.21325443,101.00957
-0.31,-0.5182219,0.86325443,101.33559
-0.06,-0.3182219,0.21325443,101.40576
0.24,0.2317781,0.21325443,101.50423
-0.06,0.0817781,0.21325443,102.247925
-0.16,0.4817781,0.11325443,102.59299
0.04,-0.1682219,0.21325443,102.7043
0.19,-0.2182219,0.36325443,102.70979
-0.26,0.6817781,0.21325443,103.20766
-0.01,0.2317781,0.21325443,103.237076
-0.21,-0.1682219,0.66325443,103.497574
-0.16,0.8817781,0.26325443,103.9722
-0.11,-0.5182219,0.76325443,104.315186
-0.01,-0.2682219,0.26325443,104.424034
-0.06,0.1817781,0.21325443,104.658035
0.24,-0.3182219,0.41325443,104.9167
0.14,0.6317781,0.26325443,105.594185
-0.26,-0.7682219,0.66325443,105.64209
-0.21,0.5317781,0.11325443,105.68881
0.09,-0.3182219,0.16325443,105.91765
0.14,-0.5182219,0.71325443,106.604774
-0.11,-0.4682219,0.76325443,106.857544
-0.06,0.1317781,0.21325443,108.00957
-0.21,0.8817781,0.11325443,108.51813
-0.31,0.0317781,0.41325443,108.68339
-0.11,-0.1182219,0.31325443,108.707596
-0.11,0.2817781,0.11325443,108.9404
-0.01,0.6817781,0.71325443,108.94299
-0.31,-0.5182219,0.71325443,109.08746
-0.06,0.0317781,0.16325443,109.21931
-0.01,-0.7682219,0.66325443,109.22017
0.19,0.4317781,0.21325443,109.30144
-0.21,-0.0182219,0.41325443,109.47156
-0.11,0.4317781,0.61325443,109.60936
-0.16,0.4317781,0.36325443,109.643265
-0.11,0.5317781,0.11325443,110.50194
-0.16,0.3817781,0.26325443,110.52339
0.19,0.2817781,0.16325443,110.56508
-0.16,0.2817781,0.21325443,110.6107
-0.11,-0.2182219,0.11325443,111.069275
-0.11,0.1817781,0.21325443,111.27557
-0.21,-0.2682219,0.56325443,111.60541
-0.26,0.5317781,0.21325443,111.90523
0.24,0.6817781,0.21325443,112.05172
-0.21,0.6817781,0.41325443,112.73634
-0.01,-0.3182219,0.26325443,113.25278
-0.31,-0.7182219,0.66325443,113.55594
0.24,0.5817781,0.26325443,114.22026
0.14,0.8317781,0.61325443,114.22307
0.04,-0.1182219,0.21325443,114.67709
0.14,0.4817781,0.11325443,114.72804
0.19,0.2317781,0.16325443,114.96276
0.14,-0.2682219,0.51325443,115.6454
0.19,-0.2182219,0.51325443,115.652016
-0.16,-0.5682219,0.66325443,115.737854
-0.06,-0.4682219,0.71325443,116.54212
-0.16,0.8817781,0.21325443,116.856064
-0.16,0.8817781,0.41325443,116.86312
-0.11,0.4317781,0.11325443,116.9122
0.04,-0.0182219,0.11325443,117.09131
-0.06,0.7817781,0.16325443,117.22858
-0.01,0.2317781,0.41325443,119.44267
-0.16,-0.4182219,0.66325443,119.69806
-0.11,0.8817781,0.11325443,119.736115
0.09,0.5317781,0.61325443,120.03017
0.09,0.3317781,0.16325443,120.235886
-0.01,0.0817781,0.26325443,120.31159
0.14,0.6817781,0.16325443,121.26169
0.14,0.3817781,0.26325443,121.718735
-0.01,0.6817781,0.16325443,121.81849
-0.31,-0.5182219,0.81325443,122.122345
-0.31,0.6317781,0.21325443,122.50987
-0.06,-0.2682219,0.21325443,122.585014
-0.16,-0.1182219,0.36325443,123.07462
-0.01,-0.5182219,0.86325443,123.15801
0.09,-0.3682219,0.21325443,123.41206
0.14,0.8817781,0.26325443,123.69732
0.09,0.5817781,0.11325443,124.976456
0.19,-0.0682219,0.21325443,126.03626
0.09,-0.1182219,0.26325443,126.05098
0.09,0.6317781,0.16325443,126.16902
-0.01,-0.0682219,0.26325443,126.58447
0.19,-0.1182219,0.26325443,126.609344
0.19,-0.1682219,0.31325443,127.458725
0.29,0.0317781,0.41325443,127.539566
0.14,0.6817781,0.11325443,128.23123
-0.21,-0.0682219,0.26325443,128.39558
-0.16,-0.0682219,0.26325443,128.50867
-0.01,0.2817781,0.21325443,129.3218
-0.01,-0.0682219,0.21325443,129.35043
0.14,-0.0182219,0.16325443,129.75105
-0.31,0.3817781,0.11325443,129.79565
0.04,-0.7682219,0.66325443,130.88907
-0.16,0.0317781,0.16325443,131.54292
0.19,0.0317781,0.31325443,131.6335
-0.11,-0.5182219,0.81325443,132.03716
-0.11,0.1817781,0.16325443,132.24602
-0.01,-0.0182219,0.26325443,132.8675
0.09,0.8317781,0.11325443,132.8882
-0.31,0.6317781,0.16325443,132.9043
0.09,-0.5182219,0.81325443,133.18599
0.09,0.3317781,0.11325443,133.37975
0.04,0.0817781,0.26325443,133.51573
-0.01,-0.7182219,0.66325443,133.84734
-0.01,0.6817781,0.11325443,134.08266
0.09,-0.0682219,0.26325443,134.56151
-0.21,-0.7182219,0.66325443,134.58554
0.24,0.8317781,0.11325443,134.83693
-0.26,-0.0682219,0.16325443,134.94426
-0.21,-0.5182219,0.76325443,135.09816
-0.31,-0.6182219,0.66325443,135.50203
-0.21,0.5817781,0.21325443,136.12668
0.24,0.4817781,0.16325443,136.48874
0.04,0.4317781,0.11325443,137.15646
-0.06,-0.5182219,0.91325443,137.32893
0.14,-0.5182219,0.86325443,137.37724
-0.21,0.4817781,0.56325443,137.38228
0.04,-0.5182219,0.81325443,137.9778
0.19,-0.3182219,0.46325443,138.92278
-0.26,0.3817781,0.21325443,139.15157
-0.26,-0.5182219,0.76325443,139.76076
0.19,-0.5182219,0.91325443,139.83598
-0.01,-0.0182219,0.21325443,140.82425
0.09,0.4317781,0.16325443,141.16595
-0.21,-0.2682219,0.51325443,141.43074
-0.21,0.5817781,0.26325443,141.60062
-0.26,-0.5182219,0.91325443,141.68752
-0.21,-0.2682219,0.46325443,141.69667
0.09,-0.5182219,0.76325443,142.08224
0.09,-0.4682219,0.71325443,142.41893
-0.21,0.4317781,0.16325443,143.21411
-0.01,0.2317781,0.51325443,143.93227
-0.11,0.7817781,0.16325443,143.9902
0.34,-0.6182219,0.66325443,144.24419
-0.11,-0.0682219,0.16325443,144.3931
-0.31,0.9317781,0.11325443,144.56114
-0.16,0.3317781,0.21325443,145.05461
0.04,-0.7182219,0.66325443,145.37279
-0.26,0.6817781,0.26325443,145.39253
0.29,0.0317781,0.16325443,146.07352
-0.26,0.5817781,0.21325443,146.1054
-0.11,0.7317781,0.11325443,146.97517
0.14,-0.1682219,0.36325443,147.19043
0.14,-0.1182219,0.36325443,147.25783
-0.06,0.3817781,0.26325443,147.38484
0.04,0.7817781,0.16325443,147.5276
-0.11,-0.4182219,0.91325443,147.90211
0.19,-0.2682219,0.51325443,148.46837
0.14,0.0317781,0.16325443,149.1827
0.24,0.4817781,0.51325443,149.79083
-0.01,0.6317781,0.71325443,149.96864
0.14,-0.5182219,0.76325443,150.07274
0.09,0.3817781,0.11325443,150.6764
0.24,-0.7682219,0.66325443,150.81377
-0.21,0.6817781,0.16325443,151.37456
0.09,0.8817781,0.56325443,151.46022
-0.31,0.4817781,0.11325443,152.4709
0.24,-0.0182219,0.36325443,152.49414
-0.26,0.5817781,0.16325443,153.28888
0.04,0.0817781,0.21325443,153.42543
-0.06,-0.1682219,0.26325443,153.98701
-0.06,0.3317781,0.16325443,154.30548
-0.31,0.5317781,0.16325443,154.7842
0.04,0.0317781,0.21325443,154.87764
-0.36,-0.5682219,0.81325443,157.74736
0.14,0.5317781,0.21325443,157.87648
0.24,-0.1682219,0.61325443,158.83244
0.19,-0.3682219,0.51325443,159.04115
0.04,0.0317781,0.26325443,159.35588
0.14,0.5817781,0.26325443,159.69139
-0.11,0.4817781,0.16325443,159.7404
-0.16,0.3317781,0.26325443,159.79741
-0.01,-0.2182219,0.26325443,160.07066
-0.11,0.8817781,0.61325443,160.2545
-0.26,0.6317781,0.16325443,161.22018
0.04,-0.0682219,0.21325443,162.34071
-0.16,-0.0182219,0.16325443,162.6078
-0.16,0.8817781,0.51325443,164.55864
-0.26,0.6817781,0.16325443,165.44499
-0.16,-0.5182219,0.86325443,165.73882
0.34,-0.5182219,0.76325443,165.73918
0.14,0.5317781,0.66325443,166.26381
-0.01,-0.0182219,0.16325443,166.28568
0.14,0.3817781,0.46325443,166.95607
-0.01,-0.5182219,0.81325443,166.96553
0.04,0.2317781,0.21325443,167.59605
-0.16,0.8817781,0.36325443,167.93077
-0.31,0.4317781,0.11325443,169.1022
-0.11,0.6317781,0.11325443,169.6941
-0.16,-0.2682219,0.46325443,170.57765
0.09,0.5317781,0.16325443,170.66032
-0.16,-0.2682219,0.51325443,171.29134
-0.01,0.4817781,0.26325443,171.6671
0.19,0.9317781,0.11325443,171.86052
-0.11,-0.5182219,0.86325443,172.56393
0.29,0.6317781,0.21325443,173.4817
-0.16,-0.5182219,0.76325443,173.63475
-0.21,0.5817781,0.46325443,173.67622
-0.11,-0.3182219,0.16325443,175.1583
-0.31,-0.5182219,0.76325443,175.46825
0.19,0.0317781,0.36325443,175.66693
0.09,0.1817781,0.26325443,176.36122
-0.11,-0.5182219,0.66325443,176.90556
-0.11,-0.5182219,0.71325443,176.99823
-0.01,0.3817781,0.26325443,177.1078
0.19,0.2817781,0.21325443,177.4174
0.24,0.6317781,0.16325443,177.81499
-0.21,-0.5182219,0.81325443,178.04153
0.09,-0.0682219,0.21325443,178.90433
0.19,0.0317781,0.46325443,179.99231
-0.26,-0.7182219,0.66325443,181.2376
-0.01,0.3317781,0.21325443,181.3994
-0.11,-0.4682219,0.71325443,183.34933
-0.16,-0.5182219,0.81325443,184.2556
0.19,0.8317781,0.11325443,184.4878
0.04,0.1317781,0.21325443,184.50803
0.09,0.3817781,0.16325443,184.77823
0.14,-0.5182219,0.91325443,185.59827
0.24,-0.7182219,0.66325443,185.84567
-0.06,-0.2182219,0.26325443,186.93382
-0.01,-0.5182219,0.76325443,187.1155
-0.11,-0.7182219,0.66325443,187.75505
0.19,0.8317781,0.36325443,189.77373
-0.01,-0.0182219,0.46325443,190.47359
-0.16,0.8317781,0.16325443,190.60594
-0.11,0.6817781,0.16325443,191.58742
-0.16,-0.7182219,0.66325443,191.68524
-0.26,-0.5182219,0.71325443,192.47008
-0.16,0.8317781,0.26325443,193.36055
0.04,0.8317781,0.16325443,193.84926
-0.16,0.8817781,0.61325443,195.03171
0.04,-0.2182219,0.26325443,195.65668
-0.31,-0.8182219,0.66325443,195.7331
-0.01,0.2817781,0.26325443,196.49437
-0.21,0.5817781,0.11325443,197.65091
-0.11,0.8817781,0.56325443,197.67891
0.29,-0.0682219,0.21325443,198.82014
0.04,0.6317781,0.16325443,199.052
0.09,0.6817781,0.11325443,199.24539
-0.06,-0.3182219,0.16325443,199.6329
0.04,-0.1182219,0.26325443,200.07976
0.09,-0.3182219,0.21325443,200.67337
-0.11,-0.3682219,0.21325443,200.7509
0.09,-0.1682219,0.31325443,201.2602
0.24,-0.5182219,0.86325443,201.26521
0.04,-0.0682219,0.26325443,201.52147
0.14,0.8817781,0.56325443,202.21834
0.04,-0.0682219,0.16325443,202.30415
0.04,0.6817781,0.16325443,202.51897
0.19,0.8817781,0.16325443,202.60396
-0.21,0.4317781,0.21325443,202.88504
0.24,-0.0182219,0.46325443,202.97227
-0.11,0.2817781,0.16325443,203.17674
0.09,0.4817781,0.11325443,204.04948
0.19,-0.7682219,0.66325443,204.32407
0.34,-0.5182219,0.86325443,204.33167
-0.06,-0.7682219,0.66325443,204.4617
-0.26,0.5817781,0.26325443,204.59554
0.24,-0.2682219,0.41325443,205.48811
-0.01,0.8817781,0.16325443,205.54802
0.19,0.6817781,0.16325443,205.56297
0.24,-0.2182219,0.61325443,205.57562
0.34,-0.6682219,0.66325443,206.2173
-0.11,0.3817781,0.11325443,206.24597
0.04,-0.0182219,0.16325443,206.84875
0.04,-0.5182219,0.76325443,206.89897
0.29,-0.7682219,0.66325443,207.23262
-0.06,0.3817781,0.21325443,208.64772
-0.06,-0.0182219,0.16325443,208.87865
-0.16,0.3817781,0.46325443,210.01306
0.09,-0.1182219,0.31325443,210.26108
0.19,0.6317781,0.16325443,211.06377
0.19,-0.4182219,0.61325443,211.24203
0.19,0.5817781,0.21325443,211.394
0.24,0.4317781,0.11325443,211.66536
0.24,-0.2682219,0.46325443,212.77904
0.04,0.1817781,0.21325443,212.85051
0.04,-0.2682219,0.11325443,213.02898
-0.16,0.8317781,0.41325443,213.26674
-0.21,0.3817781,0.26325443,214.29253
0.09,0.8317781,0.61325443,214.50679
0.19,0.3817781,0.31325443,214.59874
-0.31,-0.7682219,0.66325443,215.46269
0.14,-0.2182219,0.71325443,215.74321
0.04,-0.0182219,0.21325443,215.86241
-0.26,0.5317781,0.16325443,216.48155
-0.36,-0.5682219,0.66325443,216.65974
-0.06,-0.3182219,0.26325443,216.66576
-0.01,0.1317781,0.26325443,217.08572
-0.11,0.5817781,0.16325443,217.36176
-0.11,0.5817781,0.11325443,218.6351
-0.06,0.0317781,0.26325443,218.80055
-0.01,0.0317781,0.26325443,219.44406
-0.16,-0.2182219,0.46325443,220.79848
0.14,-0.4682219,0.61325443,221.31252
-0.11,0.6317781,0.16325443,221.54494
0.14,0.5317781,0.26325443,221.73637
-0.01,-0.4182219,0.91325443,222.08537
-0.11,0.7317781,0.16325443,222.13872
-0.26,0.6317781,0.26325443,223.57466
0.09,0.5317781,0.21325443,223.83421
0.19,0.2817781,0.26325443,224.17891
-0.36,-0.7182219,0.61325443,224.2036
-0.01,0.3317781,0.26325443,224.821
-0.06,0.8817781,0.16325443,224.83234
0.24,0.2817781,0.16325443,224.97273
-0.06,-0.7182219,0.66325443,227.1461
-0.21,0.5817781,0.16325443,228.22919
0.14,-0.0682219,0.26325443,228.8182
-0.16,-0.1682219,0.41325443,229.89348
-0.06,0.5317781,0.66325443,230.34932
0.19,-0.5182219,0.86325443,230.37491
0.04,0.2817781,0.26325443,230.54753
0.09,0.8317781,0.56325443,230.58769
-0.36,-0.6682219,0.66325443,230.59726
0.14,-0.7682219,0.66325443,231.05122
0.34,-0.5182219,0.81325443,231.48726
-0.26,-0.5182219,0.86325443,231.63228
-0.06,0.5317781,0.26325443,231.64949
-0.21,-0.7682219,0.66325443,231.78163
-0.21,0.2817781,0.26325443,233.01328
-0.06,-0.0682219,0.21325443,233.25865
-0.06,0.2317781,0.21325443,233.65639
-0.21,-0.1682219,0.71325443,233.72885
0.09,0.3817781,0.21325443,234.30943
-0.06,-0.0682219,0.16325443,235.10635
0.04,0.3817781,0.26325443,235.25139
0.04,0.2817781,0.21325443,235.51332
0.19,-0.5182219,0.71325443,235.74895
-0.11,0.5317781,0.16325443,235.94984
-0.21,0.4817781,0.51325443,236.4538
0.14,0.6317781,0.21325443,236.46124
-0.16,-0.0182219,0.21325443,236.53236
0.09,0.6317781,0.21325443,236.59933
0.04,-0.5182219,0.91325443,238.37726
0.09,0.4317781,0.61325443,238.8564
0.19,-0.0682219,0.16325443,239.12369
0.24,0.0317781,0.31325443,239.31285
-0.31,0.5817781,0.21325443,239.3333
0.14,0.8317781,0.41325443,239.47566
-0.36,-0.5682219,0.76325443,239.5136
-0.06,-0.0182219,0.46325443,239.75056
0.09,0.4817781,0.16325443,241.44682
-0.16,-0.5182219,0.71325443,241.57443
-0.21,0.4817781,0.16325443,242.0678
0.09,0.1317781,0.26325443,243.27861
-0.21,0.8317781,0.36325443,243.43044
0.09,-0.2682219,0.21325443,244.13193
0.04,0.8817781,0.11325443,244.45018
-0.26,0.4817781,0.21325443,245.23283
0.19,0.4317781,0.16325443,245.61243
0.24,-0.5182219,0.91325443,246.52809
-0.06,0.2817781,0.21325443,246.86131
0.24,0.2817781,0.21325443,248.5378
-0.11,0.3317781,0.16325443,249.06252
0.34,-0.5182219,0.91325443,249.21031
-0.01,0.4317781,0.21325443,249.2508
-0.06,-0.0182219,0.21325443,249.30815
-0.36,-0.6182219,0.81325443,249.7016
0.09,-0.5182219,0.66325443,250.13518
-0.11,-0.5182219,0.91325443,250.30241
0.14,0.8817781,0.21325443,250.94145
0.14,0.4317781,0.46325443,251.02136
0.09,0.7317781,0.11325443,251.03993
0.24,0.4317781,0.51325443,252.1825
-0.21,0.0317781,0.36325443,252.48116
0.29,-0.5182219,0.71325443,253.90108
-0.31,0.6817781,0.26325443,253.97694
-0.16,-0.3182219,0.56325443,254.12471
-0.16,-0.1182219,0.26325443,255.20326
0.19,-0.2182219,0.66325443,255.9591
0.09,0.0817781,0.26325443,256.1278
0.24,0.3317781,0.26325443,256.33563
0.09,-0.0682219,0.16325443,256.7476
-0.11,-0.0182219,0.16325443,257.97614
0.19,-0.7182219,0.66325443,258.2333
-0.11,0.4817781,0.61325443,258.24564
-0.06,0.0817781,0.26325443,259.23074
0.09,0.5317781,0.26325443,260.2415
0.09,0.7317781,0.16325443,260.38632
0.09,-0.4182219,0.91325443,260.91647
0.14,-0.2682219,0.46325443,260.9874
-0.11,0.8317781,0.61325443,261.8021
-0.21,0.3317781,0.26325443,262.48865
-0.06,0.9317781,0.11325443,264.405
-0.16,0.5317781,0.66325443,264.51602
-0.31,0.5317781,0.21325443,264.5717
-0.36,-0.6182219,0.71325443,265.60696
0.29,0.4317781,0.11325443,266.19446
0.14,0.4817781,0.61325443,266.57144
-0.21,0.4317781,0.51325443,266.7155
0.09,0.4817781,0.61325443,267.10855
-0.11,0.4317781,0.16325443,267.29648
-0.31,-0.2182219,0.61325443,267.72772
-0.06,0.5817781,0.66325443,267.9235
-0.11,0.4317781,0.56325443,269.00366
0.09,-0.5182219,0.86325443,269.22318
0.04,0.3317781,0.26325443,270.1723
-0.06,0.6317781,0.21325443,270.2422
-0.06,0.2317781,0.26325443,270.34805
0.29,0.5317781,0.11325443,270.3693
-0.21,-0.0682219,0.16325443,270.42368
-0.21,-0.5182219,0.71325443,270.86624
-0.06,0.5817781,0.26325443,271.19608
0.29,-0.0682219,0.51325443,271.28256
-0.01,0.4817781,0.21325443,273.57266
-0.16,-0.2682219,0.41325443,273.59973
-0.21,0.3817781,0.21325443,275.1377
-0.21,-0.8182219,0.66325443,275.80417
0.14,-0.7182219,0.66325443,276.05573
-0.16,-0.3182219,0.46325443,276.2425
-0.01,0.6317781,0.21325443,276.40506
0.09,-0.4682219,0.61325443,276.56674
-0.06,-0.2682219,0.26325443,277.4565
-0.21,0.2817781,0.21325443,278.40472
-0.36,-0.7182219,0.66325443,279.02945
0.29,0.5817781,0.11325443,279.96066
0.34,-0.5682219,0.96325443,280.45715
0.29,0.4817781,0.11325443,280.48135
-0.21,-0.5182219,0.86325443,281.5455
-0.31,-0.0682219,0.16325443,281.72607
0.14,-0.2682219,0.41325443,281.90878
0.19,-0.0682219,0.26325443,282.611
-0.01,0.1817781,0.26325443,282.923
0.14,-0.1182219,0.26325443,283.59814
0.04,0.1817781,0.26325443,284.08182
-0.16,-0.4182219,0.61325443,284.1201
-0.11,0.6317781,0.21325443,284.2941
0.29,0.5817781,0.16325443,285.2241
-0.21,-0.2682219,0.41325443,286.48608
0.24,-0.2182219,0.51325443,286.7064
0.09,0.0317781,0.26325443,287.21945
0.19,-0.2682219,0.41325443,287.64075
-0.01,0.2317781,0.26325443,287.88614
-0.26,-0.5182219,0.81325443,288.44247
-0.26,-0.8182219,0.66325443,288.66275
-0.16,-0.3182219,0.81325443,289.37283
0.04,0.4817781,0.26325443,289.57596
0.09,0.5817781,0.26325443,289.77692
-0.16,-0.3682219,0.51325443,290.074
-0.21,-0.2182219,0.51325443,290.26047
-0.11,0.8317781,0.16325443,290.30826
-0.06,0.2817781,0.26325443,290.6452
-0.11,0.1317781,0.26325443,290.9495
0.19,0.2317781,0.26325443,291.5737
-0.16,0.8817781,0.31325443,291.67834
-0.31,0.6817781,0.11325443,294.36685
-0.11,-0.4682219,0.61325443,294.82272
-0.11,0.2317781,0.16325443,295.00116
-0.11,-0.2682219,0.21325443,296.65512
-0.21,0.8317781,0.21325443,297.09625
-0.16,-0.1682219,0.36325443,297.21774
-0.11,0.5317781,0.21325443,297.4174
-0.06,0.4817781,0.26325443,297.97736
0.14,0.5817781,0.21325443,298.21494
0.14,-0.1682219,0.31325443,298.96658
0.24,0.8317781,0.36325443,299.43613
-0.01,-0.8182219,0.66325443,300.1697
-0.36,-0.5682219,0.71325443,301.3052
-0.16,-0.4182219,0.56325443,301.6616
-0.11,0.4817781,0.56325443,302.3833
-0.11,0.4317781,0.21325443,302.57965
-0.21,0.8817781,0.16325443,302.7889
-0.31,0.4817781,0.16325443,302.8398
0.04,-0.0182219,0.46325443,303.24292
0.04,0.2317781,0.26325443,303.86472
-0.21,0.8317781,0.16325443,305.221
0.14,0.4317781,0.56325443,306.69275
-0.06,0.1317781,0.26325443,307.2827
0.09,0.4817781,0.21325443,308.82916
0.04,0.1317781,0.26325443,308.9175
-0.06,0.1817781,0.26325443,309.89096
0.04,0.6317781,0.21325443,310.67532
0.09,0.8317781,0.16325443,310.79367
-0.21,0.6317781,0.16325443,310.88138
0.09,-0.5182219,0.91325443,312.26248
-0.16,0.4317781,0.41325443,312.79974
0.14,-0.4182219,0.61325443,312.98615
0.24,0.6817781,0.16325443,313.32547
-0.11,0.5317781,0.66325443,313.4263
0.14,0.4817781,0.51325443,313.9503
-0.01,0.5317781,0.26325443,314.54535
-0.36,-0.5182219,0.91325443,314.72922
-0.01,0.5317781,0.66325443,315.85464
-0.06,0.5817781,0.21325443,316.70087
-0.21,0.8817781,0.21325443,316.8655
0.09,0.7817781,0.16325443,318.17374
-0.31,0.6817781,0.16325443,319.0764
0.14,-0.0182219,0.46325443,320.15906
0.29,-0.5182219,0.91325443,320.50864
-0.26,0.4817781,0.16325443,322.14572
-0.11,0.3317781,0.11325443,322.20474
0.24,0.2317781,0.16325443,322.5368
-0.16,-0.1682219,0.31325443,322.71255
-0.11,0.4817781,0.26325443,323.2366
0.14,0.8817781,0.31325443,323.5162
-0.16,0.8817781,0.56325443,324.6484
-0.06,0.7817781,0.66325443,327.02466
0.14,-0.1682219,0.71325443,327.4915
-0.21,-0.0182219,0.26325443,329.21555
0.14,-0.3682219,0.51325443,329.96298
-0.01,0.4317781,0.26325443,331.7679
-0.11,0.0817781,0.26325443,332.5889
0.24,-0.0682219,0.21325443,332.8936
0.14,0.4317781,0.41325443,333.90997
-0.11,0.4817781,0.21325443,334.02518
-0.16,0.4317781,0.56325443,334.34134
0.14,0.3817781,0.31325443,334.89987
0.04,-0.5182219,0.86325443,335.17923
-0.16,0.4317781,0.46325443,335.31015
0.09,-0.7682219,0.66325443,335.33932
-0.06,-0.0182219,0.26325443,337.9675
0.29,0.3817781,0.11325443,338.22708
-0.11,0.2817781,0.21325443,338.75076
0.34,-0.5182219,0.71325443,339.6998
0.29,0.6317781,0.11325443,340.5096
0.29,-0.1182219,0.56325443,341.84598
-0.26,0.5317781,0.26325443,343.16946
-0.36,-0.7182219,0.76325443,343.27872
-0.36,-0.7182219,0.71325443,343.9156
0.09,0.6317781,0.26325443,344.89874
0.34,-0.8182219,0.66325443,344.9263
0.04,0.3317781,0.21325443,344.99445
-0.01,0.5817781,0.21325443,345.6329
-0.06,-0.0682219,0.26325443,345.6785
-0.11,-0.3182219,0.21325443,346.72797
0.04,0.3817781,0.21325443,348.5817
0.09,0.4817781,0.26325443,349.4222
0.09,0.3317781,0.21325443,350.05167
-0.06,0.6817781,0.66325443,351.35672
-0.06,-0.1182219,0.26325443,352.36975
-0.36,-0.5682219,0.86325443,355.3173
0.04,-0.8182219,0.66325443,355.37497
-0.36,-0.6682219,0.71325443,355.6015
-0.11,0.2317781,0.26325443,355.75314
-0.11,0.5317781,0.26325443,356.7189
-0.21,-0.5182219,0.91325443,357.83948
0.24,0.8817781,0.11325443,360.40982
-0.01,0.7317781,0.66325443,360.48288
-0.06,0.5317781,0.21325443,361.1096
0.14,-0.3182219,0.46325443,363.96518
0.24,0.0317781,0.46325443,364.46677
-0.06,0.7317781,0.66325443,364.86057
-0.31,0.3817781,0.21325443,365.24887
0.14,-0.1182219,0.31325443,365.4244
0.24,-0.5182219,0.71325443,365.46173
0.14,0.6817781,0.66325443,365.8907
-0.11,0.3817781,0.16325443,367.51614
0.19,0.8317781,0.16325443,368.48138
-0.21,-0.2182219,0.66325443,368.5712
0.09,0.4817781,0.56325443,369.69687
-0.36,-0.7682219,0.66325443,369.75912
-0.06,-0.5182219,0.86325443,369.95743
-0.21,0.0317781,0.41325443,370.3395
0.34,-0.7682219,0.66325443,372.3116
0.09,-0.3682219,0.26325443,373.0126
0.19,0.8817781,0.21325443,373.20218
-0.06,-0.8182219,0.66325443,374.95755
-0.36,-0.5682219,0.91325443,375.8334
-0.16,-0.1182219,0.31325443,379.96542
0.24,0.2817781,0.26325443,382.9247
-0.21,0.4317781,0.26325443,383.19962
0.24,0.3817781,0.26325443,383.72794
0.24,-0.0682219,0.16325443,384.35684
-0.01,0.5817781,0.26325443,384.7471
-0.36,-0.6182219,0.66325443,385.82043
-0.26,0.4817781,0.26325443,386.90317
-0.21,0.5317781,0.16325443,387.4075
0.09,0.5817781,0.21325443,387.53415
0.29,0.5317781,0.21325443,389.62198
-0.36,-0.5182219,0.86325443,390.6003
-0.11,0.5817781,0.26325443,391.17935
0.29,-0.1682219,0.61325443,391.65842
0.04,0.5317781,0.26325443,391.7545
0.24,-0.0182219,0.21325443,392.82193
0.24,0.4317781,0.26325443,392.9999
-0.06,0.3317781,0.21325443,393.4473
-0.16,0.3817781,0.21325443,394.23593
-0.01,0.5317781,0.21325443,396.50778
-0.31,0.6317781,0.26325443,397.31223
0.24,-0.1682219,0.66325443,397.71353
-0.16,-0.2182219,0.36325443,399.3541
0.09,0.5817781,0.66325443,401.50674
0.14,0.8317781,0.56325443,401.56674
-0.11,0.5817781,0.66325443,402.93045
-0.11,0.8317781,0.56325443,403.45792
-0.01,0.5817781,0.66325443,404.244
0.19,0.8317781,0.21325443,404.4943
-0.11,0.5817781,0.21325443,404.9023
-0.21,-0.0182219,0.46325443,405.4471
0.14,-0.2182219,0.36325443,405.87332
0.14,0.4317781,0.36325443,406.51578
0.09,-0.4182219,0.66325443,407.2432
0.14,0.4817781,0.56325443,408.6222
0.14,0.8317781,0.51325443,410.07748
0.04,0.5817781,0.26325443,410.26062
-0.11,-0.7682219,0.66325443,410.5717
-0.06,0.3317781,0.26325443,410.84445
-0.16,-0.5182219,0.91325443,411.31815
-0.11,0.3317781,0.26325443,412.24472
0.29,0.5317781,0.16325443,412.53745
0.09,0.8817781,0.61325443,413.0737
0.34,-0.7182219,0.66325443,414.10764
-0.16,-0.2682219,0.76325443,414.1862
0.24,-0.2182219,0.66325443,414.97287
0.19,0.4317781,0.26325443,415.1677
0.14,0.8317781,0.26325443,415.40683
-0.11,0.0317781,0.26325443,416.22946
0.24,0.0317781,0.41325443,418.24823
0.24,0.8317781,0.16325443,419.03726
0.14,-0.8182219,0.66325443,419.35333
-0.16,0.8317781,0.51325443,419.87698
0.14,0.4317781,0.51325443,421.2446
-0.31,0.6817781,0.21325443,421.52124
-0.11,0.8817781,0.16325443,421.62924
-0.36,-0.7182219,0.81325443,423.1124
-0.11,0.1817781,0.26325443,423.9528
-0.06,0.4817781,0.66325443,424.96164
0.09,0.4317781,0.56325443,426.32462
-0.36,-0.6182219,0.91325443,426.34537
0.04,-0.0182219,0.26325443,426.6831
0.24,0.2317781,0.26325443,427.8754
0.09,0.2317781,0.26325443,429.15396
-0.36,-0.5182219,0.81325443,430.73764
0.09,0.6817781,0.16325443,433.71823
0.24,-0.1682219,0.71325443,434.55136
-0.16,-0.4682219,0.61325443,435.29025
0.24,0.3817781,0.21325443,435.67758
0.19,0.3317781,0.26325443,436.75577
-0.01,0.6317781,0.26325443,437.3329
0.24,0.8817781,0.16325443,437.45328
0.24,-0.8182219,0.66325443,438.0596
-0.11,0.6317781,0.26325443,438.17545
-0.06,0.8317781,0.66325443,439.60684
0.24,0.4317781,0.16325443,441.98416
0.14,0.8317781,0.21325443,442.5626
0.04,0.5317781,0.21325443,443.11624
-0.36,-0.6182219,0.86325443,443.3173
0.09,-0.3182219,0.26325443,443.89667
0.19,-0.0182219,0.26325443,445.5679
0.29,0.6817781,0.11325443,446.29355
0.04,0.8817781,0.16325443,446.71924
-0.16,-0.1682219,0.71325443,447.10617
-0.06,0.6317781,0.26325443,448.83524
0.14,0.8317781,0.16325443,450.70016
0.29,-0.8182219,0.66325443,454.3265
0.19,-0.1682219,0.71325443,457.99667
-0.21,-0.4182219,0.91325443,458.43558
0.14,0.7317781,0.66325443,462.00302
-0.11,0.2817781,0.26325443,466.43195
0.29,0.3317781,0.21325443,466.77072
-0.01,0.7817781,0.66325443,468.50256
-0.11,0.4317781,0.66325443,470.0943
0.19,0.3317781,0.21325443,474.35092
-0.16,-0.0182219,0.46325443,474.83652
0.29,0.5817781,0.21325443,475.4249
0.09,-0.0182219,0.26325443,475.91147
-0.11,0.3817781,0.26325443,479.29517
-0.36,-0.6682219,0.76325443,479.3892
-0.11,0.7317781,0.66325443,480.0983
-0.16,0.4817781,0.51325443,480.147
-0.11,0.9317781,0.16325443,481.27176
0.29,-0.2182219,0.61325443,482.1991
0.09,0.5317781,0.66325443,483.99994
0.09,0.7317781,0.66325443,487.8583
-0.06,0.4317781,0.66325443,490.31857
0.04,0.4317781,0.66325443,490.69553
0.24,0.8317781,0.21325443,491.3854
0.09,0.3817781,0.26325443,492.1237
-0.11,-0.0182219,0.26325443,494.13495
0.14,0.6317781,0.66325443,497.0301
-0.06,0.6317781,0.66325443,497.53372
-0.31,0.4817781,0.26325443,498.77463
0.24,0.0317781,0.36325443,500.1926
-0.11,0.7817781,0.66325443,501.4359
-0.06,0.4317781,0.26325443,501.73264
0.19,-0.4182219,0.56325443,502.71378
0.29,0.5817781,0.26325443,505.0296
0.04,0.5317781,0.66325443,505.36325
0.24,-0.0182219,0.26325443,507.40195
0.14,0.8317781,0.31325443,507.79214
0.14,-0.4182219,0.56325443,509.0493
0.09,0.4317781,0.26325443,509.52548
-0.36,-0.6682219,0.86325443,517.04846
0.04,0.6317781,0.26325443,518.6071
0.29,0.5317781,0.26325443,520.77734
-0.01,0.4817781,0.66325443,521.487
0.14,0.5817781,0.66325443,523.07153
-0.36,-0.5182219,0.71325443,525.8037
-0.21,0.2317781,0.26325443,526.4341
0.04,0.5817781,0.66325443,526.4763
-0.01,0.6817781,0.66325443,526.4813
0.09,0.7817781,0.66325443,526.8928
-0.11,0.4817781,0.66325443,527.82196
-0.16,-0.8182219,0.66325443,531.0362
-0.11,-0.8182219,0.66325443,531.38965
-0.11,0.4317781,0.26325443,531.9115
-0.11,-0.3182219,0.26325443,532.6975
0.19,0.3817781,0.26325443,535.3039
0.04,0.5817781,0.21325443,535.61115
0.29,-0.0682219,0.16325443,536.39374
0.24,-0.4182219,0.91325443,541.1502
-0.31,0.5317781,0.26325443,541.73096
0.04,0.4817781,0.21325443,542.12396
-0.31,0.5817781,0.26325443,542.7058
0.29,0.6817781,0.26325443,544.3714
0.04,0.4317781,0.26325443,545.4045
0.04,0.6817781,0.66325443,546.4391
0.24,0.8817781,0.21325443,548.51587
-0.06,0.8817781,0.66325443,551.89343
0.09,0.2817781,0.26325443,555.4878
-0.16,0.8317781,0.31325443,556.81445
0.04,0.7317781,0.66325443,557.1467
0.09,-0.0182219,0.46325443,558.0393
-0.36,-0.8182219,0.66325443,558.0936
0.04,0.7817781,0.66325443,560.02606
-0.16,0.8317781,0.21325443,560.30994
-0.11,-0.3682219,0.26325443,566.0497
-0.06,0.4317781,0.21325443,567.6647
-0.36,-0.7682219,0.71325443,569.8247
0.14,0.3317781,0.26325443,572.98157
-0.06,0.4817781,0.21325443,575.07715
-0.16,0.8317781,0.56325443,575.6918
0.29,0.4817781,0.21325443,577.84485
-0.16,0.3817781,0.31325443,583.7363
-0.11,-0.0182219,0.46325443,584.3632
-0.11,0.3317781,0.21325443,585.9729
-0.36,-0.5682219,0.96325443,586.95984
-0.16,0.4317781,0.51325443,588.52704
-0.11,0.6317781,0.66325443,592.7379
0.29,0.6317781,0.16325443,593.2527
-0.21,0.0317781,0.46325443,598.74255
-0.01,0.4317781,0.66325443,602.89264
-0.16,0.7317781,0.66325443,603.3748
0.29,0.4817781,0.16325443,603.57294
0.09,0.6817781,0.66325443,603.7881
-0.01,0.8317781,0.66325443,605.65063
-0.01,0.8817781,0.66325443,606.2284
0.29,0.6817781,0.16325443,606.5314
0.19,0.3817781,0.21325443,607.4837
0.09,0.8817781,0.16325443,609.24835
-0.16,-0.2182219,0.71325443,610.7804
-0.11,0.3817781,0.21325443,611.16364
0.04,-0.4182219,0.91325443,612.96497
-0.11,0.6817781,0.66325443,620.77136
-0.16,0.4817781,0.56325443,627.0663
0.09,0.4817781,0.66325443,627.1054
0.29,0.2817781,0.21325443,630.91626
0.04,0.6317781,0.66325443,633.4825
0.29,0.4817781,0.26325443,642.49756
-0.11,-0.4182219,0.66325443,645.51776
0.19,-0.8182219,0.66325443,645.8573
-0.31,0.4817781,0.21325443,647.5985
0.14,0.8317781,0.36325443,649.786
0.14,0.3317781,0.21325443,653.30634
0.09,0.4317781,0.66325443,654.553
0.09,0.8817781,0.66325443,655.62286
-0.16,0.3817781,0.41325443,655.8798
0.29,0.6817781,0.21325443,660.04346
0.14,0.3817781,0.41325443,662.0324
-0.06,-0.4182219,0.91325443,662.2832
0.09,0.8317781,0.66325443,663.6134
-0.16,0.4817781,0.61325443,666.6015
-0.16,0.6817781,0.66325443,672.2348
-0.36,-0.5182219,0.76325443,673.8384
0.09,-0.8182219,0.66325443,674.0318
0.29,0.3817781,0.21325443,683.24335
-0.16,-0.3682219,0.86325443,684.92816
-0.16,0.8317781,0.36325443,685.93384
0.19,-0.4182219,0.91325443,689.0885
0.29,0.6317781,0.26325443,694.70087
0.09,0.3317781,0.26325443,702.9884
-0.11,0.8817781,0.66325443,709.05176
-0.16,0.5817781,0.66325443,709.6459
-0.36,-0.6182219,0.76325443,712.18164
0.04,0.8317781,0.66325443,724.10205
0.04,0.4317781,0.21325443,739.5303
-0.36,-0.6682219,0.81325443,743.06006
0.04,0.8817781,0.66325443,744.2883
0.09,0.6317781,0.66325443,746.13
0.04,0.4817781,0.66325443,755.3711
0.24,0.4317781,0.21325443,761.3982
-0.16,0.6317781,0.66325443,766.1894
-0.01,0.6317781,0.66325443,767.33594
-0.11,0.8317781,0.66325443,810.517
0.14,-0.4182219,0.91325443,841.93945
0.29,-0.0182219,0.46325443,990.4932
-0.16,-0.4182219,0.91325443,1026.3843
